source_text,target_loinc
"urine casts, other urine",9842-6
"urine casts,otherurine",9842-6
"urine urine other casts,",9842-6
urne casts other urine,9842-6
"urin cats, other urne",9842-6
"cholesterol, ldl, calculated blood",2090-9
"level cholesterol, ldl, calculated blood",2090-9
"chlesterol, ldl, calculatd bld",2090-9
"cholesterol, calcuatedblod ld,",2090-9
"cholesterol, ldl, calculated serp blood",2090-9
estimated gfr (mdrd equation) blood,33914-3
estmate gfr(mdrd quation) chemistry bood,33914-3
(mdrd gfr estimated equation) blood,33914-3
estimated gfr mdrd equaton) blood,33914-3
estimated eqaton) (mdrd gfr blood,33914-3
"total protein, pleural pleural",2882-9
"total protein, pleural pleural pleural fluid",2882-9
"otal protein, pleura pleural",2882-9
"totl leural pleural potein,",2882-9
"total pleural pleural protein,",2882-9
factor viii inhibitor blood,3204-5
factor inhibitor viii blood,3204-5
blood viii inhibitor factor,3204-5
factorvi inhibitor blood,3204-5
blood viii inhibitor factor,3204-5
"bilirubin, total, body fluid other body fluid",1974-5
"othr totl, body fluid bilirubin, bodyfluid",1974-5
"bilirubin total, bo flui otherbody flud",1974-5
"bilirubin, total, body fluid other body fluid",1974-5
"bilirubin, total, body fluid other body fluid",1974-5
methemoglobin blood,2614-6
methemoglobin methb blood,2614-6
chemistry blood methemoglbin,2614-6
bld methemoglobin whole bld,2614-6
blood methemoglobin,2614-6
creatinine blood,2160-0
blood creatinine,2160-0
serum blood creanne,2160-0
creatinine blood mass concentration,2160-0
quantitative blood creatinine,2160-0
"creatinine, urine urine",2161-8
"urn creatinine, urine urine",2161-8
"creatnine, urin urie",2161-8
"creainine, uie urine",2161-8
"creatinine, crea une uin",2161-8
c3 blood,4485-9
3blood,4485-9
hematology/cell counts blood c3,4485-9
blood c3,4485-9
c3 hematology/cell counts blood,4485-9
ph other body fluid,2748-2
ph other body fluid,2748-2
ph fluid body other,2748-2
ph other body fluid,2748-2
other ph body fluid,2748-2
cd11c bone marrow,33202-3
cd11c marrow bone,33202-3
bone cd11c marrow,33202-3
cd11c marrow bone,33202-3
bone cd11c marrow,33202-3
triglycerides blood,1644-4
lood triglycerides,1644-4
blood triglycerides,1644-4
bood triglycedes,1644-4
triglycerides bood,1644-4
theophylline blood,4049-3
bld theophylline,4049-3
heohylline level bloo,4049-3
blood theophylline,4049-3
blood theophylline,4049-3
cd2 blood,8118-2
blood cd2,8118-2
blood cd2,8118-2
blood cd2,8118-2
blood cd2,8118-2
"phosphate, urine urine",2778-9
urine poshate urne,2778-9
"phosphate, universallaborders rine urine",2778-9
"phosphate, urine urine",2778-9
"phosphate, urne rine",2778-9
"bicarbonate, stool stool",14040-0
"bcrbonte, stool stol",14040-0
"bicarbonate, fecal stool stool",14040-0
"stool stool bicarbonate,",14040-0
"bicarbonate,sool stol",14040-0
metamyelocytes other body fluid,17801-2
metmyelocytes bodyfluid other qnt,17801-2
etamyelotes othr body fluid wbcs,17801-2
fluid bodyfluid othe metamyelocytes,17801-2
othr metamyelocytes lkcs body fluid,17801-2
cd41 blood,17148-8
blood cd1,17148-8
blood cd41,17148-8
lood cd41,17148-8
lood cd41,17148-8
cd41 other body fluid,51320-0
fluid other body cd41,51320-0
cd41 fluid body other,51320-0
cd41 flid body other,51320-0
cd41 oter body fluid,51320-0
anti-mitochondrial antibody blood,14236-4
blood antibody anti-mitochondrial,14236-4
anti-mitochondrial antibodies bld antibody,14236-4
antibody anti-mitocondial lod,14236-4
bld antibody anti-mitochodrial screen,14236-4
c-reactive protein blood,1988-5
-reactive blood protein,1988-5
c-reactive protein pl bld,1988-5
c-reactive blood protein,1988-5
blood protein -eacive,1988-5
vancomycin blood,20578-1
level blood vcomycin,20578-1
blood vacoci,20578-1
vancomycin blood,20578-1
blood vancomycin,20578-1
blasts cerebrospinal fluid (csf),26447-3
basts fuid cerebrospinal (cerebrospinal fluid),26447-3
blasts cerebrsinal flid (csf) random,26447-3
point in time blasts cerebospinalfluid(cerebrospinal fluid),26447-3
blasts fluid cerebrospinal wbcs (csf),26447-3
"bilirubin, total, ascites ascites",14422-0
"bilirubin, total, ascites ascites",14422-0
"bilirubin, total, ascites ascites",14422-0
"bilirubin, mass concentration total, ascites ascites",14422-0
"total, blrubin, sites ascites",14422-0
mcv blood,787-2
mcv blood,787-2
cv blood,787-2
automated detection bld mcv,787-2
blood mcv elect,787-2
"ld, joint fluid joint fluid",2533-8
"ld,joint flidjoint lid",2533-8
"ld, joint fluid joint fluid catalytic concentration",2533-8
"ld, joint fluid joint fluid",2533-8
"ld, joint fuid jont fluid lactic acid dehydrogenase",2533-8
lymphocytes pleural,26481-2
lymhocytes plera leuk,26481-2
quantitative pleural lymphocytes,26481-2
ymphyes pleurl,26481-2
pleural lymphocytes,26481-2
polys cerebrospinal fluid (csf),26517-3
olys fluid cerebrosa (csf wbcs,26517-3
polys csf (csf),26517-3
polys cerebrospinal (csf) fluid lkcs,26517-3
polys cerebrospinal fluid (csf),26517-3
"potassium, body fluid other body fluid",2821-7
"potassium, body fluid other body fluid",2821-7
"body body fluid other random potassium, fluid",2821-7
"fluid body potassium, other body fluid",2821-7
"potassium, body fluid body other fluid fl",2821-7
monocyte count blood,26484-6
monocyte random blo count,26484-6
blood count monocyte mono,26484-6
blood count monocyte,26484-6
monocyte blood count count,26484-6
anti-mc blood,32042-4
antibody blood anti-mc,32042-4
anti anti-mc blood,32042-4
iodide peroxidase nt-mc blo,32042-4
sr anti-mc blood,32042-4
microcytes blood,741-9
blood microcytes,741-9
qualitative bld microcytes,741-9
micocytes blod,741-9
presence blood microcyte,741-9
gentamicin blood,35668-3
blood gentamicin aminoglycosides,35668-3
gentamicin bld,35668-3
gentamicin blood,35668-3
quant blood gentamicin,35668-3
cd20 other body fluid,57418-6
body other cd20 fluid,57418-6
cd20 fluid body other,57418-6
fluid other body cd20,57418-6
fluid other body cd20,57418-6
hemogloblin a blood,10346-5
hemogloblin a bld,10346-5
electr a hemogloblin blood,10346-5
blood a hemogloblin,10346-5
hemogloblin quant a bld,10346-5
"total protein, body fluid other body fluid",2881-1
"total protn,ody mass concentration fuid oter ody fluid",2881-1
"ttal protin, body luidother pr body flui",2881-1
"taprotein, body flui other ody flud",2881-1
"otal protein, body fluid ther fluid body",2881-1
"creatinine, body fluid other body fluid",12190-5
"mass concentration fluid body fluid oter body creatinine,",12190-5
"creatinine, body body other fluid fluid",12190-5
"creatinine, bf body luid her ody fluid",12190-5
"creatinine, bodyfluid other byflid",12190-5
basophils pleural,35070-2
pleural percent basophils,35070-2
pleural basophils hematology/cell counts,35070-2
basophils pleural quan,35070-2
pleural basophils,35070-2
mesothelial cells cerebrospinal fluid (csf),30429-5
mesothelial (csf) cerebrospinal fluid cells,30429-5
mesothelial cells csf leuc (csf),30429-5
mesothelial cells csf (csf),30429-5
mesothelial cells cerebrospinal fluid (csf),30429-5
"cholesterol, hdl blood",2085-9
"hdl cholesterol, blood",2085-9
"bld high density lipoprotein cholesterols hdl cholesterol,",2085-9
"high density lipoprotein cholesterols cholesterol, hdl blood",2085-9
"hdlblood clestero,",2085-9
other cells blood,729-4
other blood cells,729-4
other blood absolutes cells,729-4
cells other bld,729-4
other quant cells blood,729-4
cd10 other body fluid,51217-8
bod oher c10 fluid,51217-8
body other cd10 fluid,51217-8
cd10 fluid otherbody,51217-8
cd10 other bdyfuid,51217-8
thrombin blood,3243-3
blod thrombin,3243-3
bood thrombin,3243-3
thrombinblood,3243-3
blood thrombin,3243-3
cd71 blood,8136-4
blood cd71,8136-4
blood cd71,8136-4
cd71 blod,8136-4
blood cd71,8136-4
monos pleural,33362-5
thoracentesis fluid eural mons,33362-5
monos pleural pleural,33362-5
monos lural,33362-5
pleural mono,33362-5
h/o smear blood,38924-7
smear h/o blood,38924-7
blood smear h/o,38924-7
blood smear h/o,38924-7
smear h/ lod,38924-7
glyco a blood,17221-3
blood a glyco,17221-3
a glyco blood,17221-3
ablood glyco,17221-3
glyco blood a,17221-3
ph urine,5803-2
urine ph,5803-2
ph urine,5803-2
urine ph,5803-2
urine ph,5803-2
haptoglobin blood,4542-7
blood plas haptoglobin,4542-7
haptoglobin blood,4542-7
haptoglobin blood,4542-7
blood haptglobin,4542-7
"opiate screen, urine urine",3879-4
"heroin opiate screen, urine urine",3879-4
"opiate urine urine screen,",3879-4
"opiate screen, urine urine",3879-4
"reen, opiate ur pr urine",3879-4
cd34 blood,8125-7
cd34blood,8125-7
blood c34,8125-7
blood cd34,8125-7
blood cd34,8125-7
"osmolality, body fluid other body fluid",15200-9
"body osmolality, fluid other body fluid",15200-9
"osmolality, body fluid other body fluid",15200-9
"osolality, body fluid other body flui quantitative",15200-9
"osmolality, other fluid body body fluid",15200-9
cd45 bone marrow,51340-8
cd45 marrow bone,51340-8
marrow bone cd45,51340-8
cd45 marrow bone,51340-8
marow bon cd45,51340-8
mesothelial cells pleural,30431-1
pleural cells mesothelial,30431-1
pleural cells mesothelial,30431-1
mesothelial white blood cell pleural cells,30431-1
mesothelial pleural cells,30431-1
"reticulocyte count, manual blood",31112-6
"reticulocyte count, manual blood red blood cells",31112-6
"reticulocyte count, blood manual",31112-6
"reticulcyte count, blod quant manual",31112-6
"reticulocyte count, blood manual",31112-6
factor xiii blood,3240-9
blood i facto,3240-9
xiii factor bod,3240-9
actor iii bood,3240-9
xiii factor blood,3240-9
blood urine,5794-3
blood urine,5794-3
urine blood,5794-3
urie blood,5794-3
urine blood,5794-3
wbc casts urine,5820-6
wbc urine casts,5820-6
wb rine cass,5820-6
wbc cass urie,5820-6
wbc urine casts,5820-6
"albumin, urine urine",1754-1
"lumn, urineurine nephrology",1754-1
"albumin,urie urin",1754-1
"albumin, urine urine",1754-1
"albumin, ua urine urine",1754-1
cd4/cd8 ratio other body fluid,18266-7
body ratio other cd4/c8 fluid,18266-7
cd4/cd8ratio othe body fluid,18266-7
cd4/cd8 ratio other body uid,18266-7
cd4/c8 ratio othe body fluid,18266-7
antithrombin blood,27811-9
blood antithrombi,27811-9
blood antithrombin,27811-9
blood antithrombn,27811-9
bod antithrombin,27811-9
monocytes blood,742-7
monocytes automated detection lood,742-7
blood monocytes,742-7
oo monocytes,742-7
monocytes absolute blod,742-7
"lactate dehydrogenase, ascites ascites",2531-2
"random ascites dehydrogenase, ascites lactate",2531-2
"lact lactate dehydrogenase, ascites ascites",2531-2
"lactate dehydrogenase, ascites ascites",2531-2
"lactate dehydrogenase, ascites ascites dehydrog",2531-2
ferritin blood,2276-4
ferritinlood,2276-4
sr blood ferritin,2276-4
blood ferritin,2276-4
serpl bld ferritin,2276-4
potassium blood,2823-3
bood potassium,2823-3
potassium universallaborders bld,2823-3
serum blod potassium,2823-3
bld potassium,2823-3
cd11c blood,8109-1
cd11cblod,8109-1
blood cd11c,8109-1
blood cd11c,8109-1
blood cd11c,8109-1
teardrop cells blood,7791-7
teardrop blood cell,7791-7
cells teardrop bld,7791-7
teardrop point in time cells blood,7791-7
cells teardrop wb bld,7791-7
chloride blood,2075-0
blood chlorid,2075-0
blood chloride,2075-0
chloride serum or plasma lo,2075-0
bld chloride chemistry,2075-0
factor v blood,3193-0
lood v actor,3193-0
v factor blood,3193-0
v factor blood,3193-0
v factor blood,3193-0
absolute cd3 count blood,8124-0
absute blood cunt cd3,8124-0
absolute blood count cd3,8124-0
absolute count cd3 blood,8124-0
absue cd3count blood,8124-0
sickle cells blood,801-1
cells pr sickle blood,801-1
blood cells sickle,801-1
blood cells sickle,801-1
sle bloo cels,801-1
macrophage joint fluid,33376-5
macrophage fluid joint,33376-5
macrophage synovial fluid joint fluid,33376-5
joint white blood cells macrphage fluid,33376-5
macrophage fluid joint,33376-5
"cholesterol, ascites ascites",14441-0
"cholesterol, ascites ascites",14441-0
"cholesterols cholesterol, ascites ascites",14441-0
"ascites ascites cholesterol,",14441-0
"ascites asites cholesteol,",14441-0
"urea nitrogen, urine urine",3095-7
"ure nitrogen, urine universallaborders urin",3095-7
"universallaborders ureanitogen, urine urine",3095-7
urea ntrogen urine urine,3095-7
"urea urine nitrogen, urine",3095-7
tobramycin blood,35670-9
toraycin bld,35670-9
tobramycin blood,35670-9
bod tobramycin,35670-9
blood tobramycin,35670-9
alpha-fetoprotein blood,1834-1
feto blood alpha-fetoprotein,1834-1
bloo quantitative alpa-etoprotein,1834-1
blood feto alpha-fetoprotein,1834-1
blood alpha-fetoprotein,1834-1
% hemoglobin a1c blood,4548-4
% hemoglobin a1c blood,4548-4
hemoglobna1c % bld,4548-4
% hemoglobin a1c tot blood,4548-4
glycosylated hemoglobin % hemoglobin blood a1c,4548-4
iron blood,2498-4
quan blood iron,2498-4
blood iron,2498-4
blood iron serplas,2498-4
blood iron,2498-4
von willebrand factor activity blood,6014-5
vn willebrand facto activity blood,6014-5
activity willebrand factor von blood,6014-5
factr illebrand on activity lood,6014-5
von willebrand factor activty blood,6014-5
bleeding time blood,11067-6
bleeig time blood,11067-6
bleeding time bood,11067-6
blood time bleeding,11067-6
bleeding i bood,11067-6
cd23 blood,14018-6
blood cd23,14018-6
blood cd23,14018-6
cd23 blood,14018-6
blood cd23,14018-6
length of urine collection urine,13362-9
length of collection urine urine,13362-9
length of urine collection urine,13362-9
length urine of collection urine,13362-9
length urine urine collection of,13362-9
eosinophils pleural,30379-2
pleural eosinophils hematology/cell counts,30379-2
pleural eosinophils,30379-2
pleural eosinophis,30379-2
pleural eosinophils eosinophil,30379-2
leucine crystals urine,5798-4
urine crystals leucine,5798-4
urne lucinecrystals,5798-4
leucine rystals urine,5798-4
urine crystals leucine,5798-4
"potassium, stool stool",15202-5
"stool stool potassium,",15202-5
"potassium, k+ stool stool",15202-5
"stool stool poassium,",15202-5
"ptassium, sool stool",15202-5
immunoglobulin g blood,2465-3
immunoglobulin g immunoglobulin g bld,2465-3
g immunoglobulin serplas blod,2465-3
immngoulin g plsm blood,2465-3
blood g immnoglobuin universallaborders,2465-3
cortisol blood,2143-6
blood cortisol,2143-6
serplas blood cortisol,2143-6
blood cortisol random,2143-6
blood cortisol sr,2143-6
"ethanol, urine urine",5644-0
"random ethanol, urie urine",5644-0
"ethanol, urine qualitative urine",5644-0
"ehno, urine urine",5644-0
ehanol urine urine,5644-0
urine specimen type urine,19159-3
type specimen rie urine,19159-3
type specimen urine urine,19159-3
urine type specimen urine,19159-3
uri rie type specin,19159-3
amylase blood,1798-8
amylase blood,1798-8
serum blood amylase,1798-8
amylase blood diastase,1798-8
amylase bld point in time,1798-8
"chloride, ascites ascites",33366-6
"choride, ascites asctes cl",33366-6
"acites hloride, asctes",33366-6
"loide, ascies ascites",33366-6
"ascites ascites chloride,",33366-6
envelope cells blood,681-7
envelope cellsblood,681-7
envelope cells bld,681-7
envelope cells infectiousdisease bld,681-7
enveope other cells blood,681-7
hematocrit blood,4544-3
blood hemtocrit,4544-3
hematocrit whole blood blood,4544-3
hematocrit erythrocytes blood,4544-3
boo hmatcrit hematology/cell counts,4544-3
"sodium, urine urine",2955-3
"sodim,un urine",2955-3
"sodium, urine urine",2955-3
"sodium, na+ urine urine",2955-3
"urine urine sodium,",2955-3
pco2 blood,11557-6
partial pressure pco2 blood,11557-6
blood pco2 chemistry,11557-6
wb blood pco2,11557-6
bo pc2 carbonic anhydride,11557-6
thyroglobulin blood,3013-0
lood thyroglobuln mass concentration,3013-0
blood thyroglobulin,3013-0
thyroglobuln blood,3013-0
bld thyroglobulin,3013-0
"glucose, body fluid other body fluid",2344-0
"fluid body quantitative fluid other body glucose,",2344-0
"glcose, body fluid othe body fluid fl",2344-0
"fl glucose, body fluid other body fluid",2344-0
"gluse, body fluid ther body fluid",2344-0
barbiturate screen blood,3376-1
serpl barbiturate screen blood,3376-1
barbiturae creen blood,3376-1
barbiturascren blood,3376-1
barbiturate sreen blood,3376-1
"lactate dehydrogenase, csf cerebrospinal fluid (csf)",2528-8
"lactate (cf) cs cerebrospinal dehydrog fluid dehydrognase,",2528-8
"lactate dehydrogenase, csf cerebrospinal fluid (csf)",2528-8
"lactate cerebrospinal csf dehydrogenase, fluid (csf)",2528-8
"latae dehydrognas, csf cerebrospinal flui (sf)",2528-8
bands blood,763-3
blood bands,763-3
blood bands,763-3
blood bands,763-3
blo bands,763-3
cd2 other body fluid,17827-7
fluid other body cd2,17827-7
cd2 other body fluid,17827-7
fluid other body cd2,17827-7
body other cd2 fluid,17827-7
anti-nuclear antibody blood,5047-6
anti-nuclear antibody bld,5047-6
anti-nuclear eia atibody bld,5047-6
bood ana antibody anti-nuclar,5047-6
anti-nuclear blood antibody,5047-6
ptt blood,3173-2
blood pt,3173-2
blood ptt,3173-2
ptt lod,3173-2
boo ptt,3173-2
hyphenated yeast urine,41865-7
hyphenated urine yeast,41865-7
yeast hyphenated urine,41865-7
urine hyphatedyeast,41865-7
hyphenated east urine,41865-7
target cells blood,10381-2
aget cells bloo,10381-2
target blood cells,10381-2
blood cells target,10381-2
cells target blood,10381-2
ph blood,11558-4
ph blood,11558-4
ph blod chemistry,11558-4
ph bld renal,11558-4
pulmonology ph blood,11558-4
large platelets blood,34167-7
large latelets platelt blood,34167-7
thrb arge patelets blod,34167-7
platelets large blood,34167-7
large whole blood plateletbod,34167-7
factor xii blood,3232-6
factor blood xii,3232-6
lood xii facor,3232-6
xii factor blood,3232-6
fator blood xii,3232-6
calculated thyroxine (t4) index blood,32215-6
lclate thyroxine levothyroxine (t4 index blood,32215-6
calculted serp thyroine (t4) index blood,32215-6
calculated thyroxine (t4) index blood ft4,32215-6
calculated blood (t4 index thyroine,32215-6
lymphocytes blood,731-0
blod lympcyes lympho,731-0
bld lymphocyte lymphocytes,731-0
boo ymphocytes,731-0
lmphoctes bld,731-0
cd45 other body fluid,17823-6
cd45 body other fluid,17823-6
other cd45 body fluid,17823-6
cd45 body ther flui,17823-6
cd45other ody fluid,17823-6
fmc-7 other body fluid,57428-5
fmc- other fluid body,57428-5
body oher fmc-7 luid,57428-5
fluid other body fmc-7,57428-5
fluid other body fmc-7,57428-5
"chloride, pleural pleural",53627-6
"pleurlpeural cloride,",53627-6
"pleural chloride, pleural",53627-6
"pleural chloride, pleural pleural",53627-6
"chloride, pleural pleural",53627-6
"hematocrit, other fluid other body fluid",11153-4
"hematocrit, other fluid other body fluid",11153-4
"calculation hematocrit,other luid otherbody fluid",11153-4
"hemacrit, otherfluid calculation fid body ohe",11153-4
"hematocrt, random other fluid body oter fuid",11153-4
"phosphate, body fluid other body fluid",12242-4
"fluid body phosphate, other body quan fluid",12242-4
"phosphate, body flud other bdy fluid",12242-4
"inorganic phosphate phosphte, body bodyfluid othe flu",12242-4
"phosphate, body fluid point in time other body fluid",12242-4
"sodium, body fluid other body fluid",2950-4
"fl other body fluid sodium, body fluid",2950-4
"sodium, body fluid other fluid body",2950-4
"sodium, body fluid other fluid body",2950-4
"sodium, ody flui other body fluid",2950-4
"pco2, body fluid other body fluid",2023-0
"pco2, body fluid other body fluid",2023-0
"pco, bdy luid other luid pco2 boy",2023-0
o2body fluid bdy oter fluid fluid,2023-0
"pco2, odylui other body fluid",2023-0
lymphocytes other body fluid,11031-2
lymphcytes oter quan body flid,11031-2
lymphocytes fluid body other,11031-2
lymphocytes ote fluid bod,11031-2
lymphocytes fluid body other,11031-2
basophils cerebrospinal fluid (csf),30374-3
basophil cererspnal fluid (cerebrospinal fluid),30374-3
basohils point in time fluid cerebrspnal (sf),30374-3
basophs wbcs (cs) fluid cerebrospinal,30374-3
point in time cerebrospinal basophils fluid (cerebrospinal fluid),30374-3
inr(pt) blood,5895-7
inr(p) lood,5895-7
blood inr(pt),5895-7
blood inrpt),5895-7
blood inr(pt),5895-7
neutrophils blood,761-7
blood neutrophils,761-7
neutrophisblood,761-7
blood neutrophils,761-7
blood eutohils,761-7
cd8 bone marrow,51372-1
bone cd8 marrow,51372-1
cd8 marrow bone,51372-1
bone cd8 marrow,51372-1
bone cd8 marow,51372-1
c4 blood,4498-2
c4 random blood,4498-2
blood c4 level,4498-2
c4 blood,4498-2
c4 bld,4498-2
cd14 bone marrow,32507-6
marrow cd14bone,32507-6
cd14 marrow bone,32507-6
marrow bone cd14,32507-6
d14 arrow bone,32507-6
"chloride, whole blood blood",2069-3
"quant whole chlod, bloo blod",2069-3
"chloride, whole boo blood",2069-3
"chloride, whole blood blood blood",2069-3
"hole lorde, blood blood",2069-3
"prot. electrophoresis, urine urine",13438-7
"prot. chemistry electrophoresis, urine urine",13438-7
"prot. electrophoresis, urine urine",13438-7
"urneurine prot.eectrphresis,",13438-7
"pro. urine lectrophoresis, urine",13438-7
bands joint fluid,33361-7
bnds fluid joint quantitative,33361-7
bandsjoint flid,33361-7
synov bands joint fluid,33361-7
flui banjoint,33361-7
yeast urine,5822-2
yeasturine,5822-2
yeasurine,5822-2
uine yeast,5822-2
yeasurne,5822-2
prolactin blood,2842-3
blood prolactin,2842-3
blood prolactin,2842-3
prolactin pl bld,2842-3
blood prolactin,2842-3
immunoglobulin a blood,2458-8
serp immunoglobulin a blood,2458-8
immunoglobulin a blood,2458-8
bld sr immunoglobulin,2458-8
blood a immunoglobulin point in time,2458-8
sulfonamides urine,5812-3
urine sulfonamides,5812-3
urine sulfonamides,5812-3
urne ulfonamides,5812-3
slfonmidsurine,5812-3
n-acetylprocainamide (napa) blood,3834-9
n-acetylprocanamde (nap blood serplas,3834-9
universallaborders (napa) n-acetylprocainamide blood,3834-9
point in time n-acetylroainamide (napa) blod,3834-9
(napa) n-acetylprocainamide blood drug/toxicology,3834-9
"bilirubin, total, csf cerebrospinal fluid (csf)",1973-7
"bilirubin, csf quant otal, cerbrospinal fluid (csf)",1973-7
"bilirubin, total, csf cererospinalfluid(csf)",1973-7
"bilirubin, cerebrospinal csf total, fluid (csf)",1973-7
"biirubn, total,c spinal fluid cerebrospinal fluid (cf)",1973-7
anisocytosis blood,702-1
anisocytosis blood whole blood,702-1
hematology/cell counts aisocyosi blood,702-1
nisoctosis blood,702-1
blood point in time aisocytosis,702-1
lymphocytes ascites,26482-0
lymphocytes white bld cells ascites,26482-0
number fraction asites lymphocytes,26482-0
ascites lymphocytes,26482-0
ascites lymphocytes quan,26482-0
"amylase, urine urine",1799-6
"alas, urne urine chemistry",1799-6
"urine amylase, urine",1799-6
"urn amyase, urine urine",1799-6
"amylase, urine random urine",1799-6
"anti-nuclear antibody, titer blood",8061-4
"antby ani-nucar antiody, titerblood",8061-4
"antibdy, anti-nuclar titer bld",8061-4
"anti-nuclear antibody, titer blood",8061-4
"anti-nuclear titer antibody, blood nuc",8061-4
cd64 blood,17183-5
bood cd64,17183-5
cd64 ood,17183-5
cd4blood,17183-5
blood c4,17183-5
cd19 blood,8117-4
blood cd19,8117-4
cd19 blood,8117-4
blood cd19,8117-4
blood cd19,8117-4
anion gap blood,1863-0
gap anion plasma blood,1863-0
blood gap anion,1863-0
bld a serplas anion,1863-0
anion calc ap blood,1863-0
"glucose, ascites ascites",2347-3
"glucose, asctes ascites",2347-3
"glucose, ascites ascites glu",2347-3
"ascites glucose, ascites",2347-3
"prt glucose, ascits ascites",2347-3
"barbiturate screen, urine urine",3377-9
"barbiturae screen, urin urine",3377-9
"barbiturate screen, urine urine",3377-9
"barbiturate screen, urine urine",3377-9
"barbituatescreen, urie urine",3377-9
cd4/cd8 ratio blood,8129-9
cd4/cd8 ratio bood,8129-9
ratio cd4/cd8 blood,8129-9
blood ratio cd4/cd8,8129-9
ratio cd4/cd8 blood,8129-9
triple phosphate crystals urine,5814-9
crystals hosphae tripe uine,5814-9
triple urine crystals phosphate,5814-9
triple crystals phosphate urine,5814-9
triple urine crystals phosphate,5814-9
"total protein, joint fluid joint fluid",2886-0
"total protein, joint fluid joint fluid",2886-0
"total prten, jont fluid joint fluid",2886-0
"total protein, joint fluid joint fluid",2886-0
total prtein flud joint joint fluid quan,2886-0
uric acid crystals urine,5817-2
acid uric crystals urine,5817-2
acd uric crystals urine,5817-2
uric cid urine rystals,5817-2
crysas cid uric urne,5817-2
"lactate dehydrogenase, pleural pleural",2530-4
"lactic acid lactte dehydrogenase, pleural pleurl",2530-4
"lactate pleural pleural dehydrogenase,",2530-4
"lactate dehydrogese, pleural plural",2530-4
lact dehydrogenase pleual pleural,2530-4
"magnesium, urine urine",2598-1
"magnesium, substance concentration urine urine",2598-1
"random magnesium, urine urine",2598-1
"urineurine magesium,",2598-1
"quant magnesium, urine urine",2598-1
cd117 bone marrow,42866-4
cd117 marrow bone,42866-4
bone cd117 marrow,42866-4
cd117 marrow bone,42866-4
cd117 marrow bone,42866-4
"lipase, body fluid other body fluid",15212-4
"lipase, body other fluid body fluid",15212-4
lipae body fluid other body body fluid fluid,15212-4
lipase body fluid othebody point in time fluid,15212-4
"lipase, catalytic concentration body other fluid body fluid",15212-4
cd64 bone marrow,51365-5
marrow bone cd64,51365-5
cd64 one arrow,51365-5
marrow bone cd64,51365-5
cd64 marrow bone,51365-5
tricyclic antidepressant screen blood,4073-3
tricyclic universallaborders antidepressant screen blood,4073-3
antidepressant trcyclic scren serpl blood,4073-3
blood antidepressant screen tricyclic,4073-3
sreenbloo ntdepressnt tricyclic,4073-3
"wbc, pleural pleural",26467-1
plual wbc pleural cnt,26467-1
"wbc, leukocyte pleural pleural",26467-1
"pleural leuc wbc, pleural",26467-1
"pleural pleural wbc,",26467-1
metamyelocytes cerebrospinal fluid (csf),30366-9
metamyelocytes crebrospinl flud (csf),30366-9
memyelocyts leuc cerebrosinal luid (cs),30366-9
fluid cerebrospinal hematology/cell counts metamyelocytes (cerebrospinal fluid),30366-9
metamyelocytes cerebrsinl flui () lkcs,30366-9
porphobilinogen screen urine,2809-2
ordinal porphobilinogen urine screen,2809-2
porpobilnogen sreen urne,2809-2
urine scren porhobilinogen,2809-2
porphobilinen urine screen,2809-2
cd14 blood,8111-7
d14 lood,8111-7
cd14blood,8111-7
cd14blood,8111-7
blood cd14,8111-7
free fat urine,53359-6
fat free urine,53359-6
fre fat urn,53359-6
feefaturne,53359-6
urine fat free,53359-6
absolute lymphocyte count blood,26474-7
absolute lymphocyte number concentration (count/vol) count blood,26474-7
absolutemphocye cnt count bloo,26474-7
countblood lmpocyte absolute,26474-7
absolute lmphocyt coun bloo,26474-7
urine color urine,5778-6
color urine urine,5778-6
urine urine coor,5778-6
urine color urine,5778-6
color urine urine,5778-6
"protein, total blood",2885-2
"protein, bld quantitative total",2885-2
"protein, serpl total blood",2885-2
"plsm protin, lood tol",2885-2
"protein, total prot blood",2885-2
"albumin, ascites ascites",1749-1
"ascites ascites albumin,",1749-1
"abumin, ascitesascts",1749-1
"ascites albumin, quant ascites",1749-1
"ascites albumin, ascites",1749-1
cd71 other body fluid,57426-9
fluid other body cd71,57426-9
body other cd71 fluid,57426-9
other cd71 body fluid,57426-9
body other cd71 fluid,57426-9
glucose blood,2345-7
glucose blood plasma,2345-7
serplas glucse blood,2345-7
blood gucose,2345-7
glucose blod random,2345-7
absolute a1c blood,4548-4
absolute haemoglobin a1c bld,4548-4
a1cblood asolute,4548-4
blood absolutea1c,4548-4
abolute a1cblood,4548-4
"bicarbonate, ascites ascites",54360-3
"ascites ascites bicarbonate, substance concentration",54360-3
"bicarbonate, ascites ascites pt",54360-3
"ascites bicarbonate, pt ascites",54360-3
"bicaronate, point in time ascites ascies",54360-3
"calcium, total blood",2000-8
"random calcium, total blood",2000-8
"quantitative calciu, total blood",2000-8
"total calcium, bld",2000-8
"calcium, total bld",2000-8
acetone blood,5567-3
acetone bld,5567-3
blood serp acetone,5567-3
blood ceton,5567-3
pl blood cetne,5567-3
cd13 bone marrow,51237-6
bone d13 marrow,51237-6
marrow bone cd13,51237-6
cd13 bon marrow,51237-6
bone cd13 marrow,51237-6
cd23 bone marrow,51268-1
marrow bone cd23,51268-1
cd23 bone aro,51268-1
cd23 marrow bone,51268-1
marrow bone cd23,51268-1
heinz body prep blood,48068-1
heinz body prep screen blood,48068-1
blood prep heinzbody,48068-1
heinz body blood prep,48068-1
blood body prep heinz,48068-1
cd7 bone marrow,35641-0
cd7 marrow bone,35641-0
bone cd7 marrow,35641-0
cd7 bone marrow,35641-0
cd7 bone marrow,35641-0
phenobarbital blood,3947-9
blood phenobarbital,3947-9
blod phenobarbital serp,3947-9
blood phenobarbital,3947-9
serpl phenobarbital blood,3947-9
"sodium, body fluid other body fluid",2950-4
"sodium, body fluid other body fluid",2950-4
"sodium, body other fluid body fluid",2950-4
"fluioher body soi, qnt bodyflui",2950-4
"sodium, body fluid other random body fluid",2950-4
cholesterol ratio (total/hdl) blood,9322-9
percentile cholesteol ratio ota/hdl) blood,9322-9
choeserol raio blood (total/hdl),9322-9
(tal/hdl) ratio holestero blood,9322-9
(total/hdl) ratio cholesterol tot blood,9322-9
"cholesterol, total blood",2093-3
colesterol otalblod,2093-3
"total cholesterol, blood",2093-3
"oal holesterol, blood",2093-3
"cholesterol, total blood",2093-3
"total protein, ascites ascites",2883-7
"ascites protein, total ascites",2883-7
"otalprotin, ascites ascites",2883-7
"ascies protein, total prt scites",2883-7
"quantitative ascitsscites totalprotein,",2883-7
protein urine,5804-0
urine protein,5804-0
protein urine,5804-0
urine protein,5804-0
proteinurine,5804-0
"glucose, joint fluid joint fluid",2348-1
"chemistry fluidjoint glucose,join fud",2348-1
"glucose, syn fluid joint joint fluid",2348-1
"glucose, joint fluid joint fluid",2348-1
"glucose, jont fluid jontfuid",2348-1
mchc blood,786-4
blood elect mc,786-4
mchc blood hgb,786-4
blood mchc,786-4
bld mchc,786-4
"triglycerides, pleural pleural",9619-8
trilycerdes pleural lung pleura,9619-8
"triglyceides, leual eura",9619-8
"triglycerides, pleural trig pleural",9619-8
"riglcerides, plerl pleural trigly",9619-8
cd15 blood,17117-3
blood cd15,17117-3
blood cd15,17117-3
cd15 blod,17117-3
od cd15,17117-3
uptake ratio blood,3050-2
uptake ratio blood rt3u,3050-2
uptae ratio blod,3050-2
uptake blood ratio,3050-2
t3uptake bld ratio uptake,3050-2
eosinophils cerebrospinal fluid (csf),26451-5
(csf) ceebospial flid eosinohils,26451-5
eosinophils cerebrospinal random fluid (csf),26451-5
cerebrspal eos osihils fluid (csf),26451-5
eosinophils crebrospinal fluid (cs),26451-5
po2 blood,11556-8
bld po2,11556-8
po2blood lung,11556-8
bld po2,11556-8
to2 blood po2,11556-8
"calcium, body fluid other body fluid",15155-5
"body alcium, fuid other body fluid bf",15155-5
"cacium, body fluid flu other bd fluid",15155-5
calcium body fld fluid other boy fluid,15155-5
calciu chemistry flid body oher bdy flid,15155-5
reptilase time blood,6683-7
time reptilase blood,6683-7
time reptilase blood,6683-7
blood time reptilase,6683-7
time reptilase blood,6683-7
protein electrophoresis blood,24351-9
protein electrophoresis plasma bld,24351-9
protein electroorsis blood,24351-9
qnt blood eletrophoesis protein,24351-9
bld electrophoresis plasma protein,24351-9
cyclosporin blood,3521-2
cyclosporin blood serum,3521-2
drugs bood cyclospoin,3521-2
cyclosporin blood quan,3521-2
drugs bld cylosporin,3521-2
carbamazepine blood,3432-2
blood carbamazepine level,3432-2
serum blood carbamazepine,3432-2
bld carbamazepine carbamazapine,3432-2
bloo caramaepine,3432-2
absolute cd4 count blood,8128-1
count cd4 absolute blood,8128-1
absolute cd4 blood count,8128-1
absolute cd4 blood count,8128-1
bsolutecd4 blod cout,8128-1
carboxyhemoglobin blood,20563-3
blood crboxyhemoglobin,20563-3
blood wb carboxyhemoglbin,20563-3
blood carboxyhmoglobn,20563-3
blood carboxhmolbin,20563-3
pg other body fluid,48785-0
o other pg fuid,48785-0
pg fld other body fluid,48785-0
pg body other fluid,48785-0
pg other quan body fluid,48785-0
calcium carbonate crystals urine,5773-7
urine carbonat crystals calium,5773-7
calciumcarbonate urine crystals,5773-7
calcium crystals carbonate urine,5773-7
urine carbonate crystals calcium,5773-7
salicylate blood,4023-8
blood salicylate,4023-8
drugs blood salicylate,4023-8
salicylte blood,4023-8
salicylate blood,4023-8
cd59 bone marrow,51358-0
bone cd59 marrow,51358-0
marrow bone cd59,51358-0
cd59 bone mrrow,51358-0
bone cd59 marrow,51358-0
"calcium, urine urine",2004-0
urine urne alium,2004-0
"point in time urine urine calcium,",2004-0
"alcium,urie urine",2004-0
"calcium, urine urine",2004-0
acetaminophen blood,3297-9
blood acetaminphn n-acetyl-p-aminophenol,3297-9
blood n-acetyl-p-aminophenol acetaminophen,3297-9
acminophen blood liver,3297-9
blood pr acetaminophn,3297-9
bilirubin urine,5770-3
urine bilirubin,5770-3
urine bilirubin,5770-3
urine bilirubin,5770-3
rine bilirubin,5770-3
urine appearance urine,5767-9
urine urine appearance,5767-9
urine appearance urine,5767-9
uriappearanceurne,5767-9
urine appearance urine,5767-9
cd4 other body fluid,17822-8
cd4 fluid body other,17822-8
cd4 othe body fluid,17822-8
cd4 other ody fluid,17822-8
other cd4 body fluid,17822-8
free calcium blood,1994-3
calcimblood ree,1994-3
calcium free free calcium bood,1994-3
free bld calcium,1994-3
calcium fre lood,1994-3
hiv antibody blood,5220-9
hv antibody blood,5220-9
hiv antibody blood,5220-9
hiv qnt blood antibody,5220-9
hiv aby bld antibody,5220-9
"protein c, antigen blood",27820-0
"proti c,antige blood",27820-0
"protein c, blood antigen",27820-0
"ntige c, prein blood",27820-0
"protein antigen c, blood",27820-0
"bicarbonate, pleural pleural",54361-1
"biarbonat, pleural leual",54361-1
"pleural pleural level bcaboate,",54361-1
"pleural qnt bicarbonate, pleural",54361-1
"pleural pleural bicarbonate,",54361-1
beta-2 microglobulin blood,32731-2
microglobulin beta-2 glob bld,32731-2
globulins eta2 microglbulinblood,32731-2
beta-2 microglobulin bld,32731-2
microglobulin beta-2 blood,32731-2
"protein c, functional blood",27818-4
"functonal prteinc, blood",27818-4
"proein c, futioalbloo",27818-4
"rotin c, unctional blod",27818-4
"protein c, blood functional",27818-4
"po2, body fluid other body fluid",2706-0
"body fluid other po2,body fluid",2706-0
"po2, body fluid fluid boy other",2706-0
"po2, bd fluid other fluid body to2",2706-0
"po2, body fluid fluid body other",2706-0
"tissue transglutaminase ab, iga blood",31017-7
"tissue blood ab, iga transglutaminase",31017-7
"tissue transglutaminase iga qnt ab, blood",31017-7
"tissue transglutaminase blood iga ab,",31017-7
"tissue transglutaminase ab, iga autoantibody blood",31017-7
"rbc, csf cerebrospinal fluid (csf)",26454-9
"rbc, csf cerebrospinal (csf) fluid",26454-9
"rbc,cs ct cererospinalfluid (csf)",26454-9
"rbc, cerebrospinal fluid fluid cerebrospinal (cerebrospinal fluid)",26454-9
rc cf cebrospinalfluid (csf),26454-9
cd14 other body fluid,51248-3
cd14 body other fluid,51248-3
cd14 other fluid body,51248-3
cd14 otherbdyfluid,51248-3
fli other body c14,51248-3
cd38 blood,8126-5
cd38 blood,8126-5
cd38 blood,8126-5
blood cd38,8126-5
cd38 blood,8126-5
peep blood,20077-4
peep lood,20077-4
blood peep,20077-4
blood peep,20077-4
blood peep,20077-4
ketone urine,5797-6
urine ketone,5797-6
urine ketone,5797-6
urine ketone,5797-6
kete urine,5797-6
testosterone blood,2986-8
blood testoterone,2986-8
lod testoerone,2986-8
testosteone blood,2986-8
testosterone qnt blood,2986-8
rapamycin blood,29247-4
blood rapamycin,29247-4
apamyin lood,29247-4
rapamycin bld rapamune,29247-4
bld rapamycin,29247-4
atypical lymphocytes pleural,33370-8
pleural lymphocytes atypical,33370-8
lymhoyes atypical pleural,33370-8
aypicalymphocytes pleurl,33370-8
atypical white bld cells pleural lymphocytes,33370-8
"osmolality, urine urine",2695-5
"osmolaity, osmolality urine urine",2695-5
"urine osmolality, urine",2695-5
"osmolality, renal urine urine",2695-5
"random osmolalty, urineurie",2695-5
"triglycerides, ascites ascites",14447-7
"point in time triglycerides, ascites ascites",14447-7
"triglycerides, ascits scites",14447-7
"triglycerides, ascites ascites",14447-7
"triglyceries, ascites ascitic fluid ascites",14447-7
thyroid stimulating hormone blood,3016-3
stimulating thyroid hormone blood,3016-3
roi stimutng hormone blood,3016-3
stimulating thyroid quant hormone blood,3016-3
stimulating thyroid hormone blood,3016-3
estradiol blood,2243-4
lo estraiol,2243-4
blood estradiol,2243-4
estrdil blood,2243-4
estradiol bld mass concentration,2243-4
iron stain bone marrow,13513-7
iron stain bone marrow,13513-7
iron stain marrow bone,13513-7
iron stain bone random marrow,13513-7
iron stain bone marrow,13513-7
valproic acid blood,4086-5
acid valproic acid valproic blood,4086-5
valpoic blood qnt acid,4086-5
valproic acid valproic acd blood,4086-5
valproic acid divalproex bld,4086-5
absolute cd8 count blood,8138-0
absolute cd8 cont blood,8138-0
absolut counblood cd8,8138-0
bslte count d8 bood,8138-0
blood cd8 count absolute,8138-0
"albumin/creatinine, urine urine",14958-3
"albumin/cratinin, urine urine",14958-3
"albumin/creatinine, urine urine",14958-3
"ur albumin/creatinine, urine urine",14958-3
"urine albumin/creatinine, uie",14958-3
hypochromia blood,728-6
hypochromia blood blood,728-6
hypohomia bloo,728-6
hypochromia bloo micro,728-6
hypochromia screen blood,728-6
leukocytes urine,5799-2
urine leukocytes,5799-2
urine leukocytes,5799-2
urine leukocytes,5799-2
urine leukocytes,5799-2
"cholesterol, ldl, measured blood",18262-6
"cholesterol, level bood easured ldl,",18262-6
"serum or plasma cholesterol, bld measured ldl,",18262-6
"quantitative ldl, cholesterol, measured blood",18262-6
"quan cholesterol, ldl, measured blood",18262-6
cd10 bone marrow,51216-0
cd10 marrow bone,51216-0
marrow bone cd10,51216-0
marrow bone cd10,51216-0
cd10 bone marrow,51216-0
hemogloblin s blood,4622-7
hemogloblin s blood pr,4622-7
bld s hbs hemogloblin,4622-7
blood s hemogloblin,4622-7
hemoglobli sblod,4622-7
"wbc, joint fluid joint fluid",26469-7
"joint joint fluid wbc, fluid",26469-7
"wbc, joint fluid joit fluid",26469-7
"wbc, jont fluid jint fluid",26469-7
"wbc, joint fluid joint absolutes fluid",26469-7
platelet smear blood,778-1
bloo smar platelet thrombocytes,778-1
plateet smear blood,778-1
platelet smear blood,778-1
plateletmarblood absolute,778-1
procainamide blood,3982-6
procainamide blood qnt,3982-6
procainamide blood quan,3982-6
procainamide bld,3982-6
procainamide point in time blood,3982-6
eosinophils other body fluid,26452-3
fld eosinophils body other fluid,26452-3
hematology/cell counts eosinophils other body fluid,26452-3
eosinophils other fluid body,26452-3
eosinophils oter body flid,26452-3
hepatitis a virus igm antibody blood,22314-9
hepatitis a g vrus atibody bood infectiousdisease,22314-9
epatiis immune globulin m a virus im antibdyblod,22314-9
hpatitis a irus ig anibodyblood,22314-9
hepatitis a virus igm autoantibodies antibody blood,22314-9
ph urine,2756-5
ph urine,2756-5
renal ph urine,2756-5
urine ph,2756-5
phurine urn,2756-5
nonsquamous epithelial cell urine,41284-1
urine epithelial cell nonsquamous,41284-1
nonsquamous epithlial cell urne,41284-1
urine epithelial cell nonsquamous,41284-1
nonsqamous epithelil ellurine,41284-1
myelocytes cerebrospinal fluid (csf),30447-7
myelocytes fluid cerebrospinal (csf),30447-7
myelocyes cerebrospinl fluid (csf),30447-7
myelocytes cerebrospinal fluid (csf) percent,30447-7
myelocyte white blood cell cerbrospinal flud (f),30447-7
oxygen blood,19994-3
bld oxygen,19994-3
blood oxygen,19994-3
blood oxygen,19994-3
blood oxygen,19994-3
trichomonas urine,32724-7
richmonas rine,32724-7
urine micros trichomonas,32724-7
urine trichomonas,32724-7
urine trichomonas species,32724-7
factor x blood,3218-5
blood x ctor,3218-5
x factor lod,3218-5
factor xblood,3218-5
blood x actor,3218-5
polys pleural,26519-9
polys number fraction pleural,26519-9
leural lys number fraction,26519-9
polys pleural,26519-9
pleural polys,26519-9
acanthocytes blood,7789-1
blood acanthocytes,7789-1
bld bld acanthoctes,7789-1
blood acanthocytes,7789-1
bld acathocytes,7789-1
sodium blood,2951-2
blood odium level,2951-2
sr bld soium,2951-2
sodium blood plasma,2951-2
serpl lod odium,2951-2
blasts blood,708-8
whole blood blasts blod,708-8
lstsblood,708-8
point in time blasts blood,708-8
blasts blood,708-8
"amphetamine screen, urine urine",3349-8
"amphetamine urine screen, urine drugs of abuse",3349-8
"urine screen, addiction amphetamine urine",3349-8
"amphetamine screen urine screen, urine",3349-8
"screen, amphetamine urine urine",3349-8
sickle cell preparation blood,6864-3
sickle preparation cell sickle cell lood,6864-3
preparatin cell sckle bld,6864-3
sickle cell preparation bld bod,6864-3
sickle blood preparation cell,6864-3
"chloride, urine urine",2078-4
"chloride, urine urine",2078-4
"urin urie chlorie,",2078-4
"chloride, urine urine ua",2078-4
"chloride, urine urine ua",2078-4
"cocaine, urine urine",3397-7
"cocaie, urine urine",3397-7
"urine urine cocaine,",3397-7
cocaine rine urie,3397-7
"une urie cocaine, drug/toxicology",3397-7
fmc-7 blood,17220-5
blood fmc-7,17220-5
fmc-7 blood,17220-5
blood fmc-7,17220-5
bloo fmc-7,17220-5
dhea-sulfate blood,2191-5
bld quan dhea-sulfate,2191-5
dhea-sulfate bld dhea-s,2191-5
dhea-sulfate blood universallaborders,2191-5
sr blood dhea-sulfate,2191-5
basophils joint fluid,17833-5
basophilsjint fluid snv,17833-5
basophils fluid joint hematology/cell counts,17833-5
basophils joint syn fl fluid,17833-5
basohils bph jotfluid,17833-5
cd41 bone marrow,51319-2
cd41 bone marrow,51319-2
bone cd41 marrow,51319-2
bonemarrow cd41,51319-2
cd41 bone mrrow,51319-2
triglycer other body fluid,12228-3
quan body other triglycer fluid,12228-3
body oher triglyce fid,12228-3
triglycer other body fluid fluid,12228-3
triglycer fluid body other chemistry,12228-3
"reticulocyte count, automated blood",17849-1
"reticulocyte utomated cunt, blo retic",17849-1
"reticulocyte count, automated bld",17849-1
"reiculocyte autoatd count, blood",17849-1
"bld reticulocyte count,autote bld",17849-1
schistocytes blood,800-3
blood schistocytes,800-3
schistocytes blood microscopic,800-3
blood schistocytes random,800-3
blood schistocytes lm,800-3
myelocytes blood,26498-6
white blood cell blood myelocytes,26498-6
myelocytes blood white blood cells,26498-6
blood myelocytes,26498-6
wbc myelocytes blood,26498-6
macrophage ascites,40517-5
ascites macrophage,40517-5
macrophage ascites qnt,40517-5
random macrophage ascites,40517-5
ascite qnt macrophae,40517-5
nrbc joint fluid,48040-0
fluid joint nrbc,48040-0
nrbc joint red cell fluid,48040-0
nrbc fluid joint fluid joint,48040-0
fluid joint nrbc,48040-0
red blood cells blood,789-8
blood blood cells red,789-8
red cells blood blood,789-8
blood absolutes red cells blood,789-8
red blood cell blod blod cells red,789-8
"total protein, csf cerebrospinal fluid (csf)",2880-3
"total protein, sf crebrospinal fluid csf)",2880-3
"total protein, csf cerebrospinal fluid (csf)",2880-3
"total protein, csf csf (csf)",2880-3
"total protein, csf cerebrospinal (csf) fluid",2880-3
cysteine crystals urine,5782-8
csteine uine rstals,5782-8
cysteine crystals urie,5782-8
crystals cysteine urine,5782-8
crystals cysteine urine,5782-8
basophils other body fluid,28543-7
fluid other body basophils fld,28543-7
basphis other body qnt fluid,28543-7
fluid other body asophils,28543-7
basophils other fluid body,28543-7
poikilocytosis blood,779-9
poikilocytosis blood lm,779-9
poikilocytosis blood,779-9
blod random poikilocytosis,779-9
pokilocytois blood random,779-9
base excess blood,11555-0
blood excess base respiratory,11555-0
excess base bld,11555-0
excess base blood,11555-0
bld excess ase,11555-0
cd33 blood,8102-6
blood cd33,8102-6
cd33 blood,8102-6
blood cd33,8102-6
blod cd33,8102-6
anti-neutrophil cytoplasmic antibody blood,35279-9
immunofluor ati-neutrohil cyoplsmic bld antbody,35279-9
anti-neurophil cyoplasmic antibody bld,35279-9
anti-neutrophil cytoplasmic antibody cytoplas bld,35279-9
antibody cytoplasmic anti-neutrophil bld,35279-9
marijuana urine,3427-2
urine marijuana,3427-2
urine marijuana,3427-2
marijuanauine,3427-2
delta-9-tetrahydrocannabinol marijuana urine,3427-2
bacteria urine,5769-5
urine bacteria,5769-5
urine bacteria,5769-5
urine bacteria,5769-5
bateiauine,5769-5
creatine kinase (ck) blood,2157-6
creatine (k) kine bloo,2157-6
creatine kinase (ck) bld,2157-6
creaine kinase serplas blood (),2157-6
cetine kinase (ck) bld,2157-6
cd10 blood,8107-5
cd10 blod,8107-5
blod cd10,8107-5
cd10 blood,8107-5
c10 blood,8107-5
24 hr protein urine,2889-4
24 universallaborders r protein urine,2889-4
24 hr poein 1 day urine,2889-4
24 rproteinuine,2889-4
24 hours 2 hr proten urine,2889-4
mch blood,785-6
mchblood,785-6
mc qnt bloo,785-6
bld mch elec,785-6
blod hgb mch,785-6
urobilinogen urine,5818-0
urobilinogen urine,5818-0
urine urobilinogen urn,5818-0
urn urine urobilinogen,5818-0
urine urobilinogen,5818-0
lymphs cerebrospinal fluid (csf),26479-6
quantitative lmph cerbrospinal fluid (cerebrospinal fluid),26479-6
lmphs cerebrospinal fl cerebrospial fuid(cerebrospinal fluid),26479-6
cebrospinal lymphs fluid (csf,26479-6
lymphs cerebrospinal fluid (csf),26479-6
tyrosine crystals urine,5815-6
crystals tyrosine urine,5815-6
tyroine urine crytals,5815-6
tyrosie urine crystals,5815-6
tyrosinecrystalsurine,5815-6
cd55 bone marrow,51344-0
marrow bone cd55,51344-0
boe cd55 arrow,51344-0
cd55 marrow bone,51344-0
cd55 marrow bone,51344-0
bands other body fluid,26510-8
lkcs other bands body fluid,26510-8
fluid other bod body bands,26510-8
bandsohr body luid,26510-8
number fraction bands other body fluid,26510-8
myelocytes other body fluid,17800-4
myelocytes body other fluid,17800-4
other myelocytes leukocyte body fluid,17800-4
body other myelocytes fluid bod,17800-4
ody other myelocytes fluid,17800-4
broad casts urine,18487-9
broad urine casts,18487-9
urine casts broad,18487-9
broad urine casts,18487-9
broad cst urine,18487-9
asparate aminotransferase (ast) blood,1920-8
blood ainoransferase (ast) aparate,1920-8
asparate blood (ast) aminotransferase,1920-8
asparate aminotransferse (ast) sr bood,1920-8
(astblood qnt aspartaminotransferase,1920-8
cd16/56 other body fluid,18268-3
cd16/56 othe bod fuid,18268-3
fluid oher body cd1/56,18268-3
other cd16/56 body fluid,18268-3
oter cd6/56 body fluid,18268-3
epithelial cells urine,5787-7
epitelial cells urine,5787-7
urine cells epithelial,5787-7
epithelial urine cells,5787-7
cells epithelial urine,5787-7
ovalocytes blood,774-0
ovalocytes bloo ordinal,774-0
ovalocytes micros blood,774-0
blood ovalocytes ovalos,774-0
blood ovalocytes,774-0
renal epithelial cells urine,26052-1
renal urine cells epithelial,26052-1
cells epithelial renl urine,26052-1
renal etelial cells urine,26052-1
renal epithelial ells ure,26052-1
cd4 bone marrow,51301-0
marrow bone cd4,51301-0
cd4 marrow bone,51301-0
bone cd4 marrow,51301-0
cd4 bone marrow,51301-0
double stranded dna blood,5130-0
double stranded dna blood antibodies,5130-0
doublestranded dna bod quant,5130-0
ds dna stranded double bld,5130-0
blood stranded na ube,5130-0
quinidine blood,6694-4
bld qnidine,6694-4
plsm quinidine blood,6694-4
blod quinidine,6694-4
qnt blood quinidine,6694-4
"immunofixation, urine urine",49276-9
"immunofixation, urine hematology urine",49276-9
"immunofixation, urine urine chemistry",49276-9
"uinerie imunofixatio, impression",49276-9
"imunofixatin, urine uine",49276-9
"hepatitis b core antibody, igm blood",31204-1
"hepatitis b core antibody, pr igm blood",31204-1
"hepatitis b core antibody, blood igm",31204-1
"hepatitis b core antibody, igm bld",31204-1
"core b hepatitis antiboy, igm blood",31204-1
von willebrand factor antigen blood,6012-9
bood vonwillebradfacontigen,6012-9
von antigen factor willebrand blood,6012-9
blood willebrand fato antigen von,6012-9
factor willebrand von antigen blood,6012-9
24 hr calcium urine,6874-2
24 hr calcium urine renal,6874-2
ca 24 hr calcium urine,6874-2
24 hr calcium urine,6874-2
hr 2 calciu urne,6874-2
plasma ascites,40518-3
plasma ascites,40518-3
quan ascites plasma,40518-3
plasmacyte ascites plasma,40518-3
plama ascites,40518-3
"testosterone, free blood",2991-8
"testosterone, free point in time blood",2991-8
"blood universallaborders free testosterone,",2991-8
"testosterone, testosterone.unconjugated free blood",2991-8
"testosterone, freeblood",2991-8
rbc urine,5808-1
urie rbc,5808-1
uine rbc,5808-1
urine rbc,5808-1
urine rbc,5808-1
polys joint fluid,26522-3
flid polysjoint,26522-3
oint olys flid,26522-3
fluid jont olys,26522-3
polys joint fluid,26522-3
parathyroid hormone blood,2731-8
parathyroid hormone bld,2731-8
bloo hormone parathyoid,2731-8
parathyroid blood hormone pth-intact,2731-8
parathyroid hormone blood,2731-8
howell-jolly bodies blood,7793-3
howell-jolly blood bodies hematology/cell counts,7793-3
howell-jolly bodies blood screen,7793-3
bodies howell-jolly blood,7793-3
howel-jlly bodies blood,7793-3
hemoglobin blood,718-7
bld hemoglobin,718-7
hemoglobin bld,718-7
blood hemolobin hematology/cell counts,718-7
whole blood blood hemoglobin,718-7
"osmolality, measured blood",2692-2
"osmlality, ser blod mesurd",2692-2
"serum or plasma osmolalit, meaured blod",2692-2
"osmolality, universallaborders bld measured",2692-2
"osmolality, bld measured",2692-2
transferrin blood,2500-7
transferrin blood,2500-7
blood transferrin,2500-7
transferrn lood,2500-7
random transferrin bld,2500-7
burr cells blood,7790-9
burr cells blood wb,7790-9
bld cells burr,7790-9
burr bld random cells,7790-9
ql burr cells bld,7790-9
"amylase, body fluid other body fluid",1795-4
"amylase, body fluid k87 other body fluid",1795-4
"amylase, body other fluid body fluid",1795-4
"amylase, body fluid other body fluid",1795-4
"amylase, fluid body other body fluid",1795-4
eosinophil count blood,26449-9
eosinophil count blood,26449-9
eosinophil blood count,26449-9
eos eosinophil bld count,26449-9
eosinohil ount blood,26449-9
"phenytoin, percent free blood",10548-6
"phenytoin, free percent blood",10548-6
"phenytoin, percent free blood",10548-6
"phenytoin, percent free blood",10548-6
"point in time phenyton,percnt free lood",10548-6
"bicarbonate, urine urine",1964-6
"quantitative bicarbonate, uine rine",1964-6
"bicarbonate, urie rine",1964-6
"quan bicarbonate, urine urine",1964-6
"bicrbonte, urine urine",1964-6
cd16/56 bone marrow,51255-8
bonmarrow cd16/56,51255-8
cd16/56 marrow bone,51255-8
bone cd16/56 marrow,51255-8
marro bone cd1/56,51255-8
triiodothyronine (t3) blood,3053-6
triodohyronine (3) blod,3053-6
blood (t3) quan triiodothynine,3053-6
triiodothyronine (t3) blood,3053-6
serum triiodothyronine bld (t3),3053-6
cd20 blood,8119-0
blood cd20,8119-0
blood cd20,8119-0
cd20 blood,8119-0
lo cd20,8119-0
polys other body fluid,26518-1
polys fluid body leuc other,26518-1
polys other fluid body,26518-1
body other polys fluid,26518-1
polys other fluid body,26518-1
basophils blood,704-7
ct basophils bood,704-7
random blood basopil,704-7
number concentration blod basophils,704-7
blood cnt basophils,704-7
urine mucous urine,8247-9
urinemuousurine,8247-9
urinemucousurine,8247-9
urine mucous urine,8247-9
urine mucous urine,8247-9
hemoglobin a2 blood,4552-6
heoglin 2blood,4552-6
a2 hemoglobin bld,4552-6
hemoglobin a2 blood,4552-6
a2 hemoglobin blood,4552-6
"blood, occult stool",2335-8
"blood, ccult sool",2335-8
"stol occult bld,",2335-8
"blood, occult ql stool",2335-8
"faeces occutstol blood,",2335-8
cd117 blood,17107-4
blood cd117,17107-4
blood cd117,17107-4
blood cd117,17107-4
blood cd117,17107-4
digoxin blood,10535-3
igoxinblood cardiology,10535-3
digoinblood drugs,10535-3
blood digoxin plsm,10535-3
digoxi blood drugs,10535-3
"fibrinogen, functional blood",3255-7
"uncionablood fibinogen,",3255-7
"functional fibrinogen, blod",3255-7
"functional fibrinogen, blood",3255-7
fuctioal fibrinogen blod,3255-7
cd45 blood,8130-7
blood cd45,8130-7
blood cd45,8130-7
blood cd45,8130-7
blood cd45,8130-7
nitrite urine,5802-4
urine nitrite,5802-4
nitrte rine,5802-4
urie nitite,5802-4
urine nitrite,5802-4
spherocytes blood,802-9
microscopic blood spherocytes,802-9
blood spherocytes,802-9
lood sprocyes,802-9
heme spherocytes blood,802-9
troponin i blood,10839-9
troonni quan blood,10839-9
trpon  bloo,10839-9
tri troponin i blood,10839-9
troponin trop i i blood,10839-9
factor xi blood,3226-8
factor blood xi,3226-8
blood xi factor,3226-8
blod fatorxi,3226-8
xi factor blood,3226-8
lymphocytes joint fluid,26483-8
lymphocytes snv joint fluid,26483-8
lymphocytes joint fluid,26483-8
mhcytes joint fluid,26483-8
lymphctes joint fluid,26483-8
"glucose, csf cerebrospinal fluid (csf)",2342-4
"neuro gucos, sf crebrospinal fluid (csf)",2342-4
glucose csf ceebrospinal fluid cf),2342-4
"glucose,csf cerebrospnal flid (csf) spinal flu",2342-4
"glucose, fluid crebrospinal glu csf (csf)",2342-4
"lipase, ascites ascites",32722-1
"lipse, ascites ascies",32722-1
"lipase, ascites ascitis ascites",32722-1
"lipase, ascites quan ascites",32722-1
"ascitic fluid lipase, scites ascites",32722-1
pencil cells blood,10377-0
pencil cells bld,10377-0
cells pencil presence lod,10377-0
presence ellsblood ecil,10377-0
cells whole blood pencl blood,10377-0
cd56 other body fluid,57424-4
cd56 fluid body other,57424-4
cd56 other fluid body,57424-4
d56 oterbody fluid,57424-4
other cd56 body fluid,57424-4
atypical lymphocytes joint fluid,33371-6
atypical lymphocytes leukocyte fluid joint,33371-6
lymphots atypcal oint id,33371-6
fluid lymphocytes joint atypical,33371-6
atypical lymphocyts join flui,33371-6
young cells blood,51633-6
od cells young,51633-6
number fraction cells youn blood,51633-6
young cels blood point in time,51633-6
youncellsblood blood,51633-6
"potassium, urine urine",2828-2
"urine passium,uine",2828-2
"uine potassium,urine",2828-2
"urine potassium, urine",2828-2
"poassiu, urine urne",2828-2
"wbc, csf cerebrospinal fluid (csf)",26465-5
"wbc, cerebrospinal fluid ereospinal flui (c)",26465-5
"wbc, csf rebrospinal flu wbc (cs)",26465-5
"wc,sfcrebrospinal (csf) luid",26465-5
"wbc, csf fluid cerebrospinal (csf)",26465-5
bilirubin crystals urine,5771-1
bilirubin urine crystals,5771-1
urine crystals bilirubin,5771-1
bilirubin crystals urin,5771-1
urine crystals bilirubin,5771-1
rheumatoid factor blood,6928-6
rheumatoid factor bood,6928-6
actor rhematoid blood,6928-6
rheumatoidfactor quant blo,6928-6
rhematoid quant factor bloo,6928-6
"albumin, pleural pleural",1748-3
"hepatology abmin, pleura pleural",1748-3
"albumin, pleural pleural",1748-3
"bumin, pleual pleural",1748-3
"albmin, plural pleural",1748-3
platelet clumps blood,40741-1
blood clumps platelet,40741-1
clumps platelet blood,40741-1
platelet clumps bld pl,40741-1
platelet clumps thrombocyte blood,40741-1
calcium phosphate crystals urine,5775-2
calcium urine crystals phosphate,5775-2
calcium urine crystals phosphate,5775-2
calcium hosphate crystals urine,5775-2
calcium crystals phosphate urine,5775-2
cd3 other body fluid,17826-9
cd3 the body fluid,17826-9
body other cd3 fluid,17826-9
cd3 fluid body other,17826-9
cd3 body other lud,17826-9
"creatine kinase, mb isoenzyme blood",6773-6
"creai kinase,mb sr isoenzyme lod",6773-6
"creatine kinase, mb isoenzyme iaa blood",6773-6
"creatine blood mb isoenzyme kinase,",6773-6
"blood kinase, mb isoenzyme creatine",6773-6
promyelocytes blood,781-5
blood promyelocytes,781-5
blood promyelocytes quant,781-5
blood promyelocytes,781-5
promyelocyte blood promyelocytes,781-5
specific gravity urine,5811-5
urine gravity specific,5811-5
spcific urine gavity,5811-5
specific urine gravity,5811-5
seific gravity urine,5811-5
"rbc, joint fluid joint fluid",26458-0
"number concentration (count/vol) rbc, joint fluid fluid joint",26458-0
"rbc, joint flud oint fluid",26458-0
"rbc, joint luid joint fluid",26458-0
"rbc, joint flid jont fluid",26458-0
cd138 other body fluid,42871-4
cd138 fluid body other,42871-4
cd138 oher bod fluid,42871-4
cd138 other fluid body,42871-4
other cd138 ody fluid,42871-4
"ld, body fluid other body fluid",2529-6
"l, body fluid body other fluid",2529-6
"body body fluid other ld, fluid",2529-6
"ld, body fluid other body fluid",2529-6
"ld, body fluid other body fluid",2529-6
anticardiolipin antibody igg blood,8065-5
anticardiolipin antibody blood igg,8065-5
iggblood antcardiolipinantiboy,8065-5
antibody anticardiolipin igg blood,8065-5
antibody anticardiolipin igg blood,8065-5
polychromasia blood,10378-8
micro blood polychromasia,10378-8
blood olychromasia random,10378-8
blod polyhromasia ql,10378-8
blood polychromasia,10378-8
"pep, csf cerebrospinal fluid (csf)",24352-7
pep csfcerebrospinal fluid (s,24352-7
"pep, csf quant cerebrospinal fluid (csf)",24352-7
"pep, csf cerebospinal lui fractionated (cs)",24352-7
"pp, cf cerebrspinal fluid (csf)",24352-7
anti-smooth muscle antibody blood,14252-1
ani-smoth muscle tbody blood pr,14252-1
bld muscle antibody sm anti-smooth,14252-1
anti-smooth muscle sr blood antibody,14252-1
autoantibodies anti-smooth muscle antibody blood,14252-1
monocytes cerebrospinal fluid (csf),26486-1
monocytes cerebrospinal monocyte fluid (cerebrospinal fluid),26486-1
monos onocytes cerebrospinal fluid (csf),26486-1
fluid cerebrospinal monocytes (csf) white blood cells,26486-1
monocytes cerebrospinal fluid spinal fl (csf),26486-1
luteinizing hormone blood,1599-0
blood hormone luteinizing,1599-0
luteinizing blood hormone,1599-0
luteinizin hormon bood,1599-0
blood hormone luteinizing,1599-0
ck-mb index blood,20569-0
tot ck-mb index blood,20569-0
ck-mb lood ndex,20569-0
index c-mb blood,20569-0
quantitative ck-mb index blood,20569-0
ntprobnp blood,33762-6
pro-brain natriuretic peptide ntprobnp bld,33762-6
ntprobnp bld,33762-6
bld ntprobn,33762-6
blood ntprobn serpl,33762-6
factor vii blood,3198-9
blood vii factor,3198-9
actor vii blood,3198-9
fato vii blod,3198-9
blood vii factor,3198-9
wright giemsa bone marrow,10355-6
wright giemsabonemarrow,10355-6
bone giemsa wright marrow,10355-6
wright minimal angle of resolution bone giemsa marrow,10355-6
wright giemsa bone marrow universallaborders,10355-6
human chorionic gonadotropin blood,2119-6
human blood gonadotropin chorionic pl,2119-6
goadotopin chronic uma blood,2119-6
human blood gonadotropin chorionic,2119-6
hunchoronic gonadoropin bloo,2119-6
cd55 blood,17175-1
blood cd55,17175-1
cd55 ood,17175-1
cd55blood,17175-1
c5blod,17175-1
cd5 other body fluid,57423-6
cd5 ther body fluid,57423-6
other cd bo flui,57423-6
cd body other fluid,57423-6
fluid other body cd5,57423-6
fetal hemoglobin blood,4576-5
feal hemoglobin blood,4576-5
fetal lood hemogobin,4576-5
hemoglobin fetal fetal hemoglobin blood,4576-5
fetal hemoglobin bld tot,4576-5
rbc casts urine,5807-3
urine casts rbc,5807-3
bc casts rine,5807-3
bc casts urine,5807-3
rbc urine casts,5807-3
follicle stimulating hormone blood,15067-2
stimulating follicle hormone bld,15067-2
bld timulting hormone follcle,15067-2
hormone stimulatn folicle blood quant,15067-2
follicle stimulating blood hormone,15067-2
mesothelial cell ascites,30432-9
mesothelial cell mesothl ascites,30432-9
qnt cell mesothelial ascites,30432-9
cell mesothelial ascites,30432-9
cellascites mesothelia prt,30432-9
quantitative g6pd blood,32546-4
g6pdblood quantitative endocrinology,32546-4
g6pd quantitative blood,32546-4
blod g6d erythrocytes quanttati,32546-4
g6pd quantitatie blod po4,32546-4
plasma other body fluid,17803-8
pasma other body fuid,17803-8
lasma other bo fluid random,17803-8
plasma plasmacytes other ody fluid,17803-8
bodies plasma other body fluid,17803-8
eosinophils blood,711-2
eosinophils count blood,711-2
whole blood eosinophils blood,711-2
wb eosinophils blood,711-2
blood eosinophils auto,711-2
o2 flow blood,3151-8
fow o2 blood,3151-8
blood flow o2,3151-8
flow o2 blood,3151-8
o2 blood flow,3151-8
folate blood,2284-8
blood folate mass concentration,2284-8
blood folate,2284-8
blood folate,2284-8
quantitative blood folate,2284-8
cd22 blood,14017-8
blood cd22,14017-8
blood cd22,14017-8
cd2 blod,14017-8
blood cd22,14017-8
cancer antigen 27.29 blood,17842-6
qnt cancer antigen 27.29 blood,17842-6
antigen random cancer 27.29 bld,17842-6
serp cancer antigen 27.29 blood,17842-6
27.29 antigen cancer lood,17842-6
transitional epithelial cells urine,30089-7
transitional urine cells epithelial,30089-7
cells epithelial transitional uine,30089-7
transitional urine cells epithelial,30089-7
epithelial transitional cells urine,30089-7
"glucose, pleural pleural",2346-5
"pleural glucose, pleural",2346-5
"glucse, pleura leual",2346-5
"pleural pleural glucose,",2346-5
"pleural glucose, pleural",2346-5
"myoglobin, urine urine",2640-1
"urine pr urine myoglobin,",2640-1
"urine urine ordinal myoglobin,",2640-1
"ur urine urie myogloi,",2640-1
"ua myoglobin, urine urine",2640-1
"creatinine, joint fluid joint fluid",14401-4
"creatinine, joint fluid joint flu joint fluid",14401-4
"random fluid joint fluid joint creatinine,",14401-4
"creatinine, joint fluid fluid joint",14401-4
"creatinine, joint fluid joint fluid",14401-4
cd7 blood,8135-6
cd7boo,8135-6
lood cd7,8135-6
cd7 blood,8135-6
lood cd7,8135-6
sugar water test blood,12260-6
bld water test sugar,12260-6
tes hem watr sugar blood,12260-6
screen sugar blood test water,12260-6
sugar water bld test,12260-6
factor ii blood,3289-6
factor ii boo,3289-6
factor i bood,3289-6
blood ii fctor,3289-6
ii factor blood,3289-6
cd103 bone marrow,51221-0
cd103 marrow bone,51221-0
cd103 marrow bone,51221-0
bone cd103 marrow,51221-0
bone cd103 marrow,51221-0
mesothelial cells other body fluid,28544-5
quantitative othebody cells mestheal fluid,28544-5
mesothelial qnt cells other body fluid,28544-5
bdyflui quan cells other mestelial,28544-5
mesothelial cells body other fluid,28544-5
granular casts urine,5793-5
castsurine granular,5793-5
casts granular urine,5793-5
granular urine casts,5793-5
granular urine casts,5793-5
lactate dehydrogenase (ld) blood,2532-0
actate (ld) dehyrogenase blod,2532-0
acttedehdrognse (ld) bld,2532-0
lactate (ld) dehydrogenase blood plsm,2532-0
lactatedehdrogenase (ld)bld,2532-0
"sodium, ascites ascites",49790-9
"sodium, ascites asies",49790-9
"ascites sodium, ascites",49790-9
"sdi, ascites ascites",49790-9
"asites scies sodium, na+",49790-9
"cd8 cells, percent blood",8137-2
"cd8 percent cells, blood",8137-2
"cd8 percen cells, blood",8137-2
"percent cd8cells, blood",8137-2
cells cd prcentblood,8137-2
basophilic stippling blood,703-9
basophilic blood stippling,703-9
bood stippling basophilic,703-9
basophilic blood stippling,703-9
basophilic blood stippling,703-9
troponin t blood,6598-7
tbloo troponin t prime,6598-7
troponin t blood,6598-7
troponin blood t,6598-7
bld t troponin,6598-7
basophils ascites,35069-4
ascites number fraction basophils,35069-4
point in time ascites basophils,35069-4
ascies basophis,35069-4
baophilsascites,35069-4
hla-dr bone marrow,51380-4
marrw bon hla-dr,51380-4
bone hla-dr marrow,51380-4
marrow bone hla-dr,51380-4
bone hla-dr marrow,51380-4
"potassium, ascites ascites",49789-1
"potssium, point in time asciecites",49789-1
"potassium, chemistry ascites ascites",49789-1
"ascites potassium, ascites k+",49789-1
"potassium, ascites random ascites",49789-1
calcium oxalate crystals urine,5774-5
calciu oalate crystals rine,5774-5
calcium urine crystals oxalte,5774-5
calcium urine crystals oxalate,5774-5
calcium urine crystals oxalate,5774-5
"hcg, urine, qualitative urine",2106-3
"ur hcg, urine, qualittie urine",2106-3
"cg, urne, qalitate urine universallaborders",2106-3
"urine, hcg, qual qualitative urine",2106-3
"hcg, urine, universallaborders qualitative urine",2106-3
cd3 bone marrow,32529-0
marrow bone cd3,32529-0
cd3 bonemarrw,32529-0
bone cd3 marrow,32529-0
c3 bone marrw,32529-0
atypical lymphocytes blood,733-6
lymphocytes atypical blood,733-6
atypical lymphocytes ordinal bld,733-6
atypical blood micro lymphocytes,733-6
atypical lymphocytes presence blood,733-6
cd22 other body fluid,42875-5
cd2 othr ody fluid,42875-5
cd22 thrbody fluid,42875-5
body other cd22 fluid,42875-5
cd2 other bod lud,42875-5
platelet count blood,777-3
plateet ount count/volume bood,777-3
blood count platelet random,777-3
platelet count blood platelet count,777-3
blood count platelet,777-3
lactate blood,32693-4
universallaborders lcate bloo,32693-4
quant lactate blood,32693-4
lactate bld,32693-4
blod actate,32693-4
hepatitis b surface antigen blood,5196-1
surfac b hptitis antigen boo,5196-1
epatitis iaa antige surface b blood,5196-1
epatts b surface antig bld,5196-1
hepatitis b surface blood antigen,5196-1
metamyelocytes blood,28541-1
lod metayelocyt,28541-1
bld metamyelocytes hematology,28541-1
metamyelocytes blood hematology,28541-1
bood metamyelocytes hematology/cell counts,28541-1
"magnesium, body fluid other body fluid",29365-4
"flud bdy mg flid otherbody mgnesium,",29365-4
"magnesium, body fluid other body fluid",29365-4
"magnesium, body fluid other body fluid level",29365-4
"magnesium, body fluid other fluid body",29365-4
cd13 blood,8110-9
blood cd13,8110-9
blod cd13,8110-9
blood cd13,8110-9
blood cd13,8110-9
cd23 other body fluid,51269-9
c23 luid body other,51269-9
cd23 body other fluid,51269-9
cd23 fluid body other,51269-9
body other cd23 fluid,51269-9
alanine aminotransferase (alt) blood,1742-6
aminotransferse(alt) alanine sr blood,1742-6
alanine (alt) plsm aminotransferase bld,1742-6
alanine aminotransferase alpha alanine (alt) blood,1742-6
laine aminotransfrse (at) blood glutamic-pyruvic transferase,1742-6
bands cerebrospinal fluid (csf),26509-0
bands spinal fld cerebrospinal fluid (csf),26509-0
spinal fl (csf) csf bands,26509-0
cerebrospinal fluid) cerebrospinalfluid qnt bands,26509-0
cerbrospinal bnds fluid (csf),26509-0
cd33 bone marrow,51293-9
marrow bone cd33,51293-9
bone cd33 marrow,51293-9
c3 bone marrow,51293-9
marrow bone cd33,51293-9
nucleated red cells blood,772-4
nucleated rd blood cells,772-4
bld red cells nucleated,772-4
bloo red cell nucleated,772-4
nucleated rbcs red cells blood,772-4
fatty urine,5789-3
urine fatty,5789-3
urine fatty,5789-3
faty urin,5789-3
urine fatty,5789-3
atypical lymphocytes other body fluid,30417-0
atypical lymphoytes fli oherbdy,30417-0
body flu lmphocytes other atypcl fluid,30417-0
atypical lymphocytes fluid body other,30417-0
atypical lymphocytes body other fluid,30417-0
cd38 other body fluid,51299-6
cd3 other bod flui,51299-6
cd38 body other fluid,51299-6
fluid othe body cd38,51299-6
cd38 other fluid body,51299-6
waxy casts urine,5819-8
waxy casturie,5819-8
waxy casts urine,5819-8
urine casts waxy,5819-8
waxy cast urine,5819-8
gamma glutamyltransferase blood,2324-2
gamma blood glutamyltransferase,2324-2
gamma serum or plasma blood glutamylransferase,2324-2
ggtp gama gluamyltranserse ood,2324-2
gamma bld glutamyltransfrase,2324-2
cd16/56 blood,18267-5
blood d16/56,18267-5
bood cd1656,18267-5
cd16/56 bod,18267-5
blood cd16/,18267-5
urea nitrogen blood,3094-0
urea nitogen bloo,3094-0
urea nitroenblood,3094-0
nitrogen urea blood blood urea nitrogen,3094-0
urea bld nitrogen,3094-0
pt blood,5902-2
blood pt,5902-2
blood p,5902-2
blood pt,5902-2
pt blod,5902-2
"phenytoin, free blood",3969-3
"free phenytoin, blood",3969-3
"phenytoin, dph free bloo",3969-3
serum phenyoin blood free,3969-3
"phenytoin, bld free epanutin",3969-3
bicarbonate blood,1963-8
bicarbonate blood substance concentration,1963-8
bicarbonate random lood,1963-8
blood bicarbonate,1963-8
qnt blood bicarbonate,1963-8
cd117 other body fluid,42867-2
cd117 body other fluid,42867-2
cd117 body other fluid,42867-2
body other cd117 fluid,42867-2
other cd117 bdy fluid,42867-2
acid phosphatase blood,1715-2
blood phosphatase acid,1715-2
acid phosphatase blood acd,1715-2
phosphatas acid acids blood,1715-2
acids blo acidhosphatas,1715-2
blood parasite smear blood,24429-3
blood parasite smear blood random,24429-3
whole blood smear parasite blood blood,24429-3
smear parasit blood lood,24429-3
bld blood sea parasite,24429-3
cd2 bone marrow,32527-4
cd2 marrow bone,32527-4
cd2boe marrow,32527-4
c2 bone marrow,32527-4
marrow bone cd2,32527-4
"amylase, ascites ascites",1797-0
"ascites amylase, ascites ascites",1797-0
"amylase, ascites peritoneal fluid ascites",1797-0
amlase ascites ascites,1797-0
"amylase, ascites acites",1797-0
"osmolality, stool stool",2693-0
"stool stool osmolality,",2693-0
"stool faeces osmolality, stool",2693-0
"stool stool osmolality, stool = fecal",2693-0
"osmolality, stool stool",2693-0
"sodium, whole blood blood",2947-0
"soium, whle blood bo",2947-0
"blood quant whole sodium, blood",2947-0
"sodium, blood blood whole",2947-0
"blood level whole sodium, blood",2947-0
factor viii blood,3209-4
factor blood viii,3209-4
viii actor blood,3209-4
blood viii factor,3209-4
blood viii factor,3209-4
pappenheimer bodies blood,7795-8
pappenheimer blod bodies,7795-8
pappenheimer micro bodies blood,7795-8
bodies pappenhimer lod qual,7795-8
pappeheimer boies bld random,7795-8
macrophages pleural,40520-9
leural macropaes leuc,40520-9
macrophages pleural lkcs,40520-9
peural macophages,40520-9
macrophages pleural,40520-9
cd138 blood,42869-8
blood cd138,42869-8
blood cd138,42869-8
blood cd138,42869-8
cd18 blood,42869-8
"hematocrit, calculated blood",20570-8
hmtocit calculate blood,20570-8
"hematocrit, red bld corpuscle calculated bld",20570-8
"hematocrit, calculated blood",20570-8
"hematocrit, point in time calculated bld",20570-8
hypersegmented neutrophils blood,766-6
bld neutrophils hypersegmented,766-6
hypersegmented blood absolute neutrophils,766-6
hypersegmented bld neutrophils qnt,766-6
hypersegmented blood neutrophils,766-6
absolute hemoglobin blood,718-7
hemoglobin absolute blood,718-7
hemogloi solue blood,718-7
hemoglobin hgb absolute bld,718-7
asolute emoglobin blood,718-7
"sodium, stool stool",15207-4
"stool sodium, stool",15207-4
"quan sodium, stool stool",15207-4
soolstool sodium,15207-4
"sodium, stool stool",15207-4
uric acid blood,3084-1
urc acid universallaborders lood,3084-1
acid uric blood,3084-1
urc serp acid bood,3084-1
blood acid uric,3084-1
cryoglobulin blood,5117-7
ser cryoglobulin blood,5117-7
cryoglobulin blood,5117-7
cyoglobulin bld,5117-7
blood ryoglbulin,5117-7
hypersegmented neutrophils cerebrospinal fluid (csf),26506-6
hypersegmented neutrophils cerebrospinal fluid hematology/cell counts (csf),26506-6
hypersegmented neutrophils (csf) fluid cerebrospinal seg,26506-6
hypersegmened white blood cell neutropils fluid cerebrospna (csf),26506-6
hypersegmented cerebrospinal neutrophils fluid spinal fl (csf),26506-6
"thyroxine (t4), free blood",3024-7
"thyroxine free (t4), blood",3024-7
"thyroxine (t4), random blood free",3024-7
"thyroine (t4), ree ld",3024-7
"quantitative thyroxine (t4), free blood",3024-7
calculated tbg blood,3027-0
calculated tbg blod thyroid hormone,3027-0
quan bld tbg calculated,3027-0
t4 calculated tbg blood,3027-0
blood random tbg calculated,3027-0
"rbc, other fluid other body fluid",26455-6
rbcother fluid hematology/cell counts oherbdfluid,26455-6
"rc, other fluid other qnt bodyfluid",26455-6
"rbc, other flui count other ody fluid",26455-6
"rc, other fluid other bdyfid",26455-6
"cd3 cells, percent blood",8122-4
"cd3 cells, percetblod",8122-4
"cd3 cells, percent blod",8122-4
"percent cells, cd3 blood",8122-4
"cd3 blood percent cells,",8122-4
hepatitis c virus antibody blood,16128-1
infectious disease hepatitis c virus antbody ood,16128-1
anti virus c hepatitis antibody bld,16128-1
hepatitis virus c antibody blood,16128-1
hepatitis c virus antibody bld,16128-1
sedimentation rate blood,4537-7
blood rate sedimnttion,4537-7
rate universallaborders edimenttion blood,4537-7
sedimentation rate hematology/cell counts blood,4537-7
blood rate sedimentation,4537-7
hla-dr blood,32621-5
hla-drblood,32621-5
blood hla-d,32621-5
blood hla-dr,32621-5
bod la-dr,32621-5
promyelocytes other body fluid,17799-8
promyocytes othebody fluid,17799-8
pomyelocytes ody other luid,17799-8
promelocytes oher fluid bod,17799-8
fluid other body promyelocytes,17799-8
"albumin, body fluid other body fluid",1747-5
"albumin, bodies body fluid other body fluid",1747-5
"other body hepatology fluid albumin, body fluid",1747-5
"albumin, point in time body fluid other body fluid",1747-5
"albuin, bodyfluid other body flui",1747-5
"heparin, lmw blood",32684-3
"blood lmw heparin,",32684-3
ood lmw heparin,32684-3
"heparin, blood lmw",32684-3
"blood lmw heparin,",32684-3
monocytes joint fluid,17835-0
joint monocytes fluid,17835-0
fluid joint monocytes,17835-0
moncytesjoinfluid,17835-0
monocytes join fuid,17835-0
tidal volume blood,20112-9
tidal blood volume,20112-9
tidal volume blo,20112-9
tidal volme bood,20112-9
tidl volume blood,20112-9
plasma cerebrospinal fluid (csf),47413-0
plasma csf (csf),47413-0
plas (csf) fluid cerebrospinal,47413-0
plasma wbc cerebrospinal (csf) fluid,47413-0
(csf) csf plasma,47413-0
hepatitis b virus core antibody blood,5187-0
hepatitis b virus enzyme immunoassay core antibody blood,5187-0
hepatitis bc hepatitis b virus core antibody blood,5187-0
blood b vrus hepatis core antiod hepatitis,5187-0
hepatitis antibody virus core b blood,5187-0
thyroxine (t4) blood,3026-2
blood (t4) thyroxine,3026-2
thyroxine blood (t4),3026-2
(t4) thyroxine blood,3026-2
serum or plasma thyroxine (t) blood,3026-2
cd64 other body fluid,51366-3
cd64 othr boy fluid,51366-3
fluid other body cd64,51366-3
cd64 othe body fluid,51366-3
er cd64 ody fluid,51366-3
hla-dr other body fluid,51381-2
hla-dr otherbody fluid,51381-2
other hla-dr body fluid,51381-2
hla-dr bdy other fluid,51381-2
hla- oter bod fluid,51381-2
"creatinine, pleural pleural",14399-0
"creat creatinie, pleural pleral",14399-0
"creatinine, pleural level pleural",14399-0
"creatinine, pleura pleura",14399-0
"pleural creatinine, pleural level",14399-0
